catalog_order,canonical_code,work_slug,title,title_english,title_transliterated,genre,pitaka_division,section_key,section_label,section_title,fascicle_count,volume_ref,translator_slug,translator_name,translator_native_name,translator_role,notes
1,T0001,chang-ahan-jing,长阿含经,Long Discourses Collection,Chang Ahan Jing,agama_sutra,sutra,agamas,阿含部,阿含部,22,T1-T22,,,,,"目录快照条目，阿含类长篇经集。"
2,T0026,zhong-ahan-jing,中阿含经,Middle-Length Discourses Collection,Zhong Ahan Jing,agama_sutra,sutra,agamas,阿含部,阿含部,60,T26-T95,,,,,"目录快照条目，阿含类中篇经集。"
3,T0099,za-ahan-jing,杂阿含经,Connected Discourses Collection,Za Ahan Jing,agama_sutra,sutra,agamas,阿含部,阿含部,50,T99-T149,,,,,"目录快照条目，阿含类杂集经。"
4,T0125,zengyi-ahan-jing,增一阿含经,Numbered Discourses Collection,Zengyi Ahan Jing,agama_sutra,sutra,agamas,阿含部,阿含部,51,T125-T125,,,,,"目录快照条目，阿含类增一经集。"
5,T0220,da-banruo-boluomiduo-jing,大般若波罗蜜多经,Great Prajna Paramita Sutra,Da Bore Boluomiduo Jing,prajna_sutra,sutra,prajna,般若部,般若部,600,T220-T220,xuanzang,Xuanzang,玄奘,translator,"目录快照条目，般若类大型译本。"
8,T0221,fangguang-banruo-jing,放光般若经,Fangguang Prajna Sutra,Fangguang Banruo Jing,prajna_sutra,sutra,prajna,般若部,般若部,20,T221,wuluocha,Wuluocha,無羅叉,translator,"目录快照条目，般若部长卷译本。"
9,T0222,guangzan-jing,光赞经,Guangzan Sutra,Guangzan Jing,prajna_sutra,sutra,prajna,般若部,般若部,10,T222,zhufahu,Zhufahu,竺法護,translator,"目录快照条目，般若部代表性译本。"
10,T0223,mohe-banruo-boluomi-jing,摩诃般若波罗蜜经,Maha Prajna Paramita Sutra,Mohe Banruo Boluomi Jing,prajna_sutra,sutra,prajna,般若部,般若部,27,T223,kumarajiva,Kumarajiva,鸠摩罗什,translator,"目录快照条目，般若部长卷译本。"
11,T0225,damingdu-jing,大明度经,Damingdu Sutra,Damingdu Jing,prajna_sutra,sutra,prajna,般若部,般若部,6,T225,zhiqian,Zhiqian,支謙,translator,"目录快照条目，般若部中卷译本。"
12,T0226,mohe-banruochao-jing,摩诃般若钞经,Maha Prajna Excerpt Sutra,Mohe Banruochao Jing,prajna_sutra,sutra,prajna,般若部,般若部,5,T226,,,,,"目录快照条目，般若部异译文本。"
13,T0227,xiaopin-banruo-boluomi-jing,小品般若波罗蜜经,Smaller Prajna Paramita Sutra,Xiaopin Banruo Boluomi Jing,prajna_sutra,sutra,prajna,般若部,般若部,10,T227,kumarajiva,Kumarajiva,鸠摩罗什,translator,"目录快照条目，般若部代表性短卷译本。"
6,T0235,jingang-banruo-boluomi-jing,金刚般若波罗蜜经,Diamond Sutra,Jingang Bore Boluomi Jing,prajna_sutra,sutra,prajna,般若部,般若部,1,T235,kumarajiva,Kumarajiva,鸠摩罗什,translator,"目录快照条目，般若类短经代表。"
7,T0251,xinjing-xuanzang,般若波罗蜜多心经,Heart Sutra,Bore Boluomiduo Xinjing,prajna_sutra,sutra,prajna,般若部,般若部,1,T251,xuanzang,Xuanzang,玄奘,translator,"目录快照条目，当前 sample corpus 已含部分正文片段。"
8,T0262,miaofa-lianhua-jing,妙法莲华经,Lotus Sutra,Miaofa Lianhua Jing,mahayana_sutra,sutra,mahayana,大乘经部,大乘经部,7,T262,kumarajiva,Kumarajiva,鸠摩罗什,translator,"目录快照条目，大乘经典代表。"
9,T0278,huayan-jing-t278,大方广佛华严经,Avatamsaka Sutra,Huayan Jing,mahayana_sutra,sutra,mahayana,大乘经部,大乘经部,60,T278,buddhabhadra,Buddhabhadra,佛驮跋陀罗,translator,"目录快照条目，华严类六十卷译本。"
10,T0279,huayan-jing,大方广佛华严经,Avatamsaka Sutra,Huayan Jing,mahayana_sutra,sutra,mahayana,大乘经部,大乘经部,80,T279,shiksananda,Shiksananda,实叉难陀,translator,"目录快照条目，大乘广本经典代表。"
11,T0310,da-baoji-jing,大宝积经,Maharatnakuta Sutra,Dabaoji Jing,mahayana_sutra,sutra,mahayana,大乘经部,大乘经部,120,T310,bodhiruci,Bodhiruci,菩提流志,translator,"目录快照条目，大乘经集大型译本。"
11,T0366,amituo-jing,阿弥陀经,Amitabha Sutra,Amituo Jing,pure_land_sutra,sutra,pureland,净土部,净土部,1,T366,kumarajiva,Kumarajiva,鸠摩罗什,translator,"目录快照条目，净土类短经代表。"
12,T0374,da-ban-niepan-jing,大般涅槃经,Mahaparinirvana Sutra,Da Ban Niepan Jing,mahayana_sutra,sutra,mahayana,大乘经部,大乘经部,40,T374,dharmaksema,Dharmaksema,昙无谶,translator,"目录快照条目，佛性与涅槃思想大型经典代表。"
13,T0397,da-fangdeng-daji-jing,大方等大集经,Mahasamnipata Sutra,Da Fangdeng Daji Jing,mahayana_sutra,sutra,mahayana,大乘经部,大乘经部,60,T397,,,,,"目录快照条目，大乘经部大型集经。"
14,T0721,zhengfa-nianchu-jing,正法念处经,Sutra of Right Mindfulness,Zhengfa Nianchu Jing,mahayana_sutra,sutra,mahayana,大乘经部,大乘经部,70,T721,,,,,"目录快照条目，大型长卷经集，适合作为经部结构化导入样本。"
14,T1425,mohe-sengqi-lu,摩诃僧祇律,Mahasamghika Vinaya,Mohe Sengqi Lu,vinaya,vinaya,broad,广律部,广律部,40,T1425,,,,,"目录快照条目，律藏广律代表。"
15,T1428,sifen-lu,四分律,Dharmaguptaka Vinaya,Sifen Lu,vinaya,vinaya,broad,广律部,广律部,60,T1428,,,,,"目录快照条目，律藏核心条目之一。"
16,T1435,shisong-lu,十诵律,Sarvastivada Vinaya,Shisong Lu,vinaya,vinaya,broad,广律部,广律部,61,T1435,,,,,"目录快照条目，律藏广律代表。"
17,T1484,fanwang-jing-pusa-jieben,梵网经菩萨戒本,Brahma Net Bodhisattva Precepts,Fanwang Jing Pusa Jieben,precepts_text,vinaya,precepts,菩萨戒部,菩萨戒部,2,T1484,,,,,"目录快照条目，菩萨戒类文本。"
18,T1509,dazhidu-lun,大智度论,Mahaprajnaparamita Sastra,Dazhidu Lun,treatise,abhidharma,prajna,般若论部,般若论部,100,T1509,kumarajiva,Kumarajiva,鸠摩罗什,translator,"目录快照条目，般若论书代表。"
19,T1564,zhong-lun,中论,Mulamadhyamaka Karika,Zhong Lun,treatise,abhidharma,madhyamaka,中观部,中观部,4,T1564,kumarajiva,Kumarajiva,鸠摩罗什,translator,"目录快照条目，中观论书代表。"
20,T1568,shiermen-lun,十二门论,Twelve Gate Treatise,Shiermen Lun,treatise,abhidharma,madhyamaka,中观部,中观部,1,T1568,kumarajiva,Kumarajiva,鸠摩罗什,translator,"目录快照条目，中观论书代表。"
21,T1569,bai-lun,百论,Hundred Treatise,Bai Lun,treatise,abhidharma,madhyamaka,中观部,中观部,2,T1569,kumarajiva,Kumarajiva,鸠摩罗什,translator,"目录快照条目，中观论书代表。"
22,T1585,cheng-weishi-lun,成唯识论,Cheng Weishi Lun,Cheng Weishi Lun,treatise,abhidharma,yogacara,唯识部,唯识部,10,T1585,xuanzang,Xuanzang,玄奘,translator,"目录快照条目，唯识论书代表。"
14,T0190,fobenxingji-jing,佛本行集经,Buddhacarita Collection,Fobenxingji Jing,mahayana_sutra,sutra,benyuan,本缘部,本缘部,60,T190,,,,,"目录快照条目，本缘部长卷经典代表。"
15,T0375,da-ban-niepan-jing-t375,大般涅槃经,Mahaparinirvana Sutra,Da Ban Niepan Jing,mahayana_sutra,sutra,nirvana,涅槃部,涅槃部,36,T375,,,,,"目录快照条目，涅槃部核心长卷译本。"
